Дата,Заражений за день,Day sin,Day cos,Характерстика ДБ
2020-03-25,163,0.7628295718622635,-0.6465996012158032,12.0
2020-03-26,182,0.7431448254773666,-0.669130606358889,13.0
2020-03-27,196,0.7227948638274161,-0.6910626489868389,14.0
2020-03-28,228,0.7017979028839906,-0.7123760969513456,14.0
2020-03-29,270,0.6801727377708917,-0.7330518718298521,13.0
2020-03-30,302,0.6579387259397421,-0.7530714660035852,14.0
2020-03-31,501,0.6351157698421807,-0.772416959224598,13.0
2020-04-01,440,0.6117242991149793,-0.7910710346563622,12.0
2020-04-02,771,0.5877852522925077,-0.8090169943749224,12.0
2020-04-03,601,0.563320058063627,-0.8262387743159915,12.0
2020-04-04,582,0.5383506160906565,-0.8427209586540557,12.0
2020-04-05,658,0.5128992774059459,-0.8584487936018423,13.0
2020-04-06,954,0.48698882440437563,-0.8734082006171251,13.0
2020-04-07,1154,0.4606424504506082,-0.8875857890045665,13.0
2020-04-08,1175,0.43388373911760303,-0.9009688679023975,14.0
2020-04-09,1459,0.4067366430758122,-0.9135454576425955,14.0
2020-04-10,1786,0.3792254626529066,-0.9253043004740057,14.0
2020-04-11,1667,0.3513748240813927,-0.9362348706397184,14.0
2020-04-12,2175,0.3232096574544758,-0.9463273837991588,14.0
2020-04-13,2569,0.29475517441088506,-0.9555728057861467,14.0
2020-04-14,2774,0.26603684556662044,-0.9639628606958683,14.0
2020-04-15,3388,0.23708037771551718,-0.9714900382928626,15.0
2020-04-16,3448,0.20791169081774322,-0.978147600733809,15.0
2020-04-17,4070,0.17855689479858433,-0.9839295885986391,15.0
2020-04-18,4785,0.14904226617619798,-0.988830826225125,16.0
2020-04-19,6060,0.11939422454023152,-0.9928469263418388,16.0
2020-04-20,4268,0.08963930890338408,-0.9959742939952435,17.0
2020-04-21,5642,0.05980415394506147,-0.9982101297677335,17.0
2020-04-22,5236,0.029915466169389098,-0.9995524322835037,17.0
2020-04-23,4774,-4.6070240912130835e-14,-1.0,17.0
2020-04-24,5849,-0.029915466169367563,-0.9995524322835043,18.0
2020-04-25,5966,-0.05980415394503996,-0.9982101297677348,18.0
2020-04-26,6361,-0.08963930890347584,-0.9959742939952352,18.0
2020-04-27,6198,-0.11939422454021012,-0.9928469263418415,19.0
2020-04-28,6411,-0.14904226617617666,-0.9888308262251282,19.0
2020-04-29,5841,-0.17855689479867498,-0.9839295885986227,19.0
2020-04-30,7099,-0.20791169081772215,-0.9781476007338136,19.0
2020-05-01,7933,-0.23708037771549623,-0.9714900382928677,19.0
2020-05-02,9623,-0.26603684556670926,-0.9639628606958439,19.0
2020-05-03,10633,-0.29475517441086446,-0.955572805786153,20.0
2020-05-04,10581,-0.3232096574544554,-0.9463273837991658,20.0
2020-05-05,10102,-0.3513748240813725,-0.936234870639726,20.0
2020-05-06,10559,-0.37922546265288665,-0.9253043004740138,21.0
2020-05-07,11231,-0.4067366430757925,-0.9135454576426043,21.0
2020-05-08,10699,-0.4338837391175836,-0.9009688679024068,21.0
2020-05-09,10817,-0.4606424504505891,-0.8875857890045765,21.0
2020-05-10,11012,-0.4869888244043568,-0.8734082006171355,22.0
2020-05-11,11656,-0.5128992774059273,-0.8584487936018534,22.0
2020-05-12,10899,-0.5383506160906383,-0.8427209586540673,22.0
2020-05-13,10028,-0.5633200580636092,-0.8262387743160037,22.0
2020-05-14,9974,-0.5877852522924902,-0.809016994374935,22.0
2020-05-15,10598,-0.6117242991150521,-0.7910710346563058,22.0
2020-05-16,9200,-0.635115769842164,-0.7724169592246116,22.0
2020-05-17,9709,-0.6579387259397259,-0.7530714660035993,22.0
2020-05-18,8926,-0.6801727377709592,-0.7330518718297894,23.0
2020-05-19,9263,-0.7017979028839753,-0.7123760969513607,23.0
2020-05-20,8764,-0.7227948638274012,-0.6910626489868545,22.0
2020-05-21,8849,-0.7431448254774282,-0.6691306063588205,22.0
2020-05-22,8894,-0.7628295718622495,-0.6465996012158196,22.0
2020-05-23,9434,-0.7818314824680364,-0.6234898018587253,22.0
2020-05-24,8599,-0.8001335480112346,-0.599821894687876,22.0
2020-05-25,8946,-0.8177193856644142,-0.5756170656856979,23.0
2020-05-26,8915,-0.8345732537213065,-0.5508969814520968,22.0
2020-05-27,8338,-0.8506800656873625,-0.5256837698104676,22.0
2020-05-28,8371,-0.8660254037844219,-0.5000000000000289,23.0
2020-05-29,8572,-0.8805955318567396,-0.4738686624729957,23.0
2020-05-30,8952,-0.8943774076663548,-0.44731314831559676,23.0
2020-05-31,9268,-0.9073586945678493,-0.42035722830959893,24.0
2020-06-01,9035,-0.9195277725514506,-0.3930250316539238,24.0
2020-06-02,8863,-0.9308737486442176,-0.365341024366361,24.0
2020-06-03,8536,-0.9413864666608895,-0.33732998738286807,24.0
2020-06-04,8831,-0.9510565162951524,-0.30901699437495095,24.0
2020-06-05,8726,-0.9598752415428983,-0.2804273893059711,25.0
2020-06-06,8855,-0.9678347484506554,-0.2515867637445511,25.0
2020-06-07,8984,-0.974927912181822,-0.2225209339563215,25.0
2020-06-08,8985,-0.9811483833941783,-0.1932559177955244,26.0
2020-06-09,8595,-0.9864905939235137,-0.1638179114151846,26.0
2020-06-10,8404,-0.9909497617679333,-0.1342332658176662,26.0
2020-06-11,8779,-0.9945218953682761,-0.10452846326762773,26.0
2020-06-12,8987,-0.9972037971811764,-0.07473009358647521,26.0
2020-06-13,8706,-0.998993066541314,-0.044864830350529294,27.0
2020-06-14,8835,-0.9998881018102738,-0.014959407015241297,27.0
2020-06-15,8246,-0.9998881018102742,0.014959407015208972,27.0
2020-06-16,8248,-0.9989930665413155,0.044864830350497,27.0
2020-06-17,7843,-0.9972037971811788,0.07473009358644297,27.0
2020-06-18,7790,-0.9945218953682675,0.10452846326770865,27.0
2020-06-19,7972,-0.9909497617679376,0.13423326581763417,27.0
2020-06-20,7889,-0.986490593923519,0.1638179114151527,27.0
2020-06-21,7728,-0.9811483833941625,0.19325591779560422,27.0
2020-06-22,7600,-0.9749279121818292,0.22252093395628997,28.0
2020-06-23,7425,-0.9678347484506635,0.25158676374451977,27.0
2020-06-24,7176,-0.9598752415428755,0.28042738930604916,27.0
2020-06-25,7113,-0.9510565162951624,0.3090169943749202,27.0
2020-06-26,6800,-0.9413864666609004,0.3373299873828376,27.0
2020-06-27,6852,-0.9308737486441879,0.36534102436643673,27.0
2020-06-28,6791,-0.9195277725514632,0.393025031653894,27.0
2020-06-29,6719,-0.9073586945678629,0.4203572283095696,28.0
2020-06-30,6693,-0.8943774076663183,0.44731314831566954,28.0
2020-07-01,6556,-0.8805955318567549,0.4738686624729672,27.0
2020-07-02,6760,-0.8660254037844382,0.5000000000000009,28.0
2020-07-03,6718,-0.8506800656873197,0.5256837698105368,28.0
2020-07-04,6632,-0.8345732537213243,0.5508969814520698,28.0
2020-07-05,6736,-0.8177193856644328,0.5756170656856714,28.0
2020-07-06,6611,-0.8001335480111859,0.599821894687941,29.0
2020-07-07,6368,-0.7818314824680566,0.6234898018587001,29.0
2020-07-08,6562,-0.7628295718622705,0.646599601215795,29.0
2020-07-09,6509,-0.7431448254773738,0.669130606358881,29.0
2020-07-10,6635,-0.7227948638274236,0.6910626489868311,29.0
2020-07-11,6611,-0.7017979028839982,0.712376096951338,29.0
2020-07-12,6615,-0.6801727377708996,0.7330518718298447,29.0
2020-07-13,6537,-0.6579387259397502,0.7530714660035781,30.0
2020-07-14,6248,-0.635115769842189,0.7724169592245911,30.0
2020-07-15,6422,-0.6117242991149878,0.7910710346563556,30.0
2020-07-16,6428,-0.5877852522925164,0.8090169943749159,30.0
2020-07-17,6406,-0.5633200580636359,0.8262387743159854,30.0
2020-07-18,6234,-0.5383506160906656,0.8427209586540498,30.0
2020-07-19,6109,-0.5128992774058575,0.8584487936018952,30.0
2020-07-20,5940,-0.486988824404385,0.8734082006171199,31.0
2020-07-21,5842,-0.4606424504506178,0.8875857890045616,31.0
2020-07-22,5862,-0.4338837391175103,0.9009688679024421,30.0
2020-07-23,5848,-0.406736643075822,0.9135454576425912,30.0
2020-07-24,5811,-0.37922546265291657,0.9253043004740016,30.0
2020-07-25,5871,-0.35137482408129633,0.9362348706397546,30.0
2020-07-26,5765,-0.323209657454486,0.9463273837991554,31.0
2020-07-27,5635,-0.2947551744108954,0.9555728057861435,31.0
2020-07-28,5395,-0.2660368455666308,0.9639628606958656,31.0
2020-07-29,5475,-0.23708037771552765,0.9714900382928601,31.0
2020-07-30,5509,-0.20791169081775376,0.9781476007338068,30.0
2020-07-31,5482,-0.17855689479859493,0.9839295885986372,30.0
2020-08-01,5462,-0.14904226617620864,0.9888308262251234,30.0
2020-08-02,5427,-0.11939422454024222,0.9928469263418376,30.0
2020-08-03,5394,-0.0896393089033948,0.9959742939952425,31.0
2020-08-04,5159,-0.059804153945072235,0.9982101297677328,30.0
2020-08-05,5204,-0.029915466169399874,0.9995524322835033,30.0
2020-08-06,5267,3.52896351958146e-14,1.0,30.0
2020-08-07,5241,0.029915466169356787,0.9995524322835047,30.0
2020-08-08,5212,0.0598041539450292,0.9982101297677355,30.0
2020-08-09,5189,0.08963930890346511,0.9959742939952362,30.0
2020-08-10,5118,0.11939422454019942,0.9928469263418427,31.0
2020-08-11,4945,0.149042266176166,0.9888308262251299,31.0
2020-08-12,5102,0.17855689479866438,0.9839295885986247,31.0
2020-08-13,5057,0.2079116908177116,0.9781476007338158,31.0
2020-08-14,5065,0.23708037771548576,0.9714900382928703,31.0
2020-08-15,5061,0.2660368455666988,0.9639628606958467,31.0
2020-08-16,4969,0.2947551744108542,0.9555728057861561,31.0
2020-08-17,4892,0.3232096574544452,0.9463273837991693,32.0
2020-08-18,4748,0.35137482408136245,0.9362348706397298,32.0
2020-08-19,4828,0.37922546265298185,0.9253043004739748,32.0
2020-08-20,4785,0.40673664307578267,0.9135454576426087,31.0
2020-08-21,4870,0.4338837391175739,0.9009688679024115,31.0
2020-08-22,4921,0.4606424504506804,0.8875857890045291,31.0
2020-08-23,4852,0.4869888244043474,0.8734082006171409,32.0
2020-08-24,4744,0.5128992774059181,0.858448793601859,32.0
2020-08-25,4696,0.5383506160907251,0.8427209586540119,32.0
2020-08-26,4676,0.5633200580636003,0.8262387743160097,32.0
2020-08-27,4711,0.5877852522924816,0.8090169943749413,32.0
2020-08-28,4829,0.6117242991150436,0.7910710346563125,32.0
2020-08-29,4941,0.6351157698421557,0.7724169592246185,32.0
2020-08-30,4980,0.6579387259397178,0.7530714660036064,32.0
2020-08-31,4993,0.6801727377709513,0.7330518718297967,33.0
2020-09-01,4729,0.7017979028839676,0.7123760969513683,33.0
2020-09-02,4952,0.7227948638273938,0.6910626489868623,33.0
2020-09-03,4995,0.743144825477421,0.6691306063588285,33.0
2020-09-04,5110,0.7628295718622427,0.6465996012158278,33.0
2020-09-05,5205,0.7818314824680297,0.6234898018587337,33.0
2020-09-06,5195,0.8001335480112282,0.5998218946878845,33.0
2020-09-07,5185,0.817719385664408,0.5756170656857067,34.0
2020-09-08,5099,0.8345732537213005,0.5508969814521057,33.0
2020-09-09,5218,0.8506800656873569,0.5256837698104767,33.0
2020-09-10,5363,0.8660254037844166,0.5000000000000382,33.0
2020-09-11,5504,0.8805955318567344,0.4738686624730052,33.0
2020-09-12,5488,0.89437740766635,0.4473131483156064,33.0
2020-09-13,5449,0.9073586945678448,0.42035722830960875,33.0
2020-09-14,5509,0.9195277725514464,0.39302503165393365,34.0
2020-09-15,5529,0.9308737486442137,0.365341024366371,33.0
2020-09-16,5670,0.9413864666608859,0.33732998738287817,33.0
2020-09-17,5762,0.9510565162951491,0.3090169943749612,33.0
2020-09-18,5905,0.9598752415428953,0.28042738930598143,33.0
2020-09-19,6065,0.9678347484506528,0.2515867637445615,33.0
2020-09-20,6148,0.9749279121818196,0.22252093395633202,33.0
2020-09-21,6196,0.9811483833941762,0.19325591779553497,34.0
2020-09-22,6215,0.9864905939235306,0.16381791141508306,33.0
2020-09-23,6431,0.9909497617679318,0.1342332658176769,33.0
2020-09-24,6595,0.994521895368275,0.10452846326763846,33.0
2020-09-25,7212,0.997203797181184,0.07473009358637259,33.0
2020-09-26,7523,0.9989930665413135,0.044864830350540064,33.0
2020-09-27,7867,0.9998881018102735,0.014959407015252077,33.0
2020-09-28,8135,0.9998881018102727,-0.014959407015311867,33.0
2020-09-29,8232,0.9989930665413159,-0.04486483035048623,33.0
2020-09-30,8481,0.9972037971811796,-0.07473009358643222,33.0
2020-10-01,8945,0.9945218953682686,-0.10452846326769792,33.0
2020-10-02,9412,0.9909497617679391,-0.1342332658176235,32.0
2020-10-03,9859,0.9864905939235207,-0.16381791141514207,32.0
2020-10-04,10499,0.9811483833941647,-0.19325591779559365,32.0
2020-10-05,10888,0.9749279121818316,-0.22252093395627948,33.0
2020-10-06,11615,0.9678347484506663,-0.25158676374450933,32.0
2020-10-07,11115,0.9598752415428785,-0.28042738930603883,32.0
2020-10-08,11493,0.9510565162951657,-0.30901699437491,32.0
2020-10-09,12126,0.9413864666609041,-0.3373299873828275,31.0
2020-10-10,12846,0.9308737486441918,-0.3653410243664267,31.0
2020-10-11,13634,0.9195277725514676,-0.39302503165388414,31.0
2020-10-12,13592,0.9073586945678674,-0.42035722830955985,31.0
2020-10-13,13868,0.8943774076663232,-0.4473131483156599,31.0
2020-10-14,14231,0.88059553185676,-0.4738686624729577,30.0
2020-10-15,13754,0.8660254037844436,-0.4999999999999915,30.0
2020-10-16,15150,0.8506800656873253,-0.5256837698105276,29.0
2020-10-17,14922,0.8345732537213302,-0.5508969814520608,29.0
2020-10-18,15099,0.817719385664439,-0.5756170656856626,29.0
2020-10-19,15982,0.8001335480111923,-0.5998218946879323,29.0
2020-10-20,16319,0.7818314824680632,-0.6234898018586916,28.0
2020-10-21,15700,0.7628295718622774,-0.6465996012157867,28.0
2020-10-22,15971,0.743144825477381,-0.6691306063588729,27.0
2020-10-23,17340,0.7227948638273525,-0.6910626489869055,26.0
2020-10-24,16521,0.7017979028840059,-0.7123760969513304,26.0
2020-10-25,16710,0.6801727377709075,-0.7330518718298373,26.0
2020-10-26,17347,0.6579387259396727,-0.7530714660036458,26.0
2020-10-27,16550,0.6351157698421973,-0.7724169592245843,25.0
2020-10-28,16202,0.6117242991149963,-0.791071034656349,25.0
2020-10-29,17717,0.5877852522924332,-0.8090169943749764,25.0
2020-10-30,18283,0.5633200580636448,-0.8262387743159794,24.0
2020-10-31,18140,0.5383506160906747,-0.8427209586540441,24.0
2020-11-01,18665,0.5128992774058668,-0.8584487936018896,24.0
2020-11-02,18257,0.48698882440439445,-0.8734082006171145,24.0
2020-11-03,18648,0.46064245045062735,-0.8875857890045566,24.0
2020-11-04,19768,0.43388373911752004,-0.9009688679024375,24.0
2020-11-05,19404,0.4067366430758319,-0.9135454576425868,24.0
2020-11-06,20582,0.37922546265292656,-0.9253043004739975,24.0
2020-11-07,20396,0.35137482408130644,-0.9362348706397509,23.0
2020-11-08,20498,0.3232096574544962,-0.9463273837991518,23.0
2020-11-09,21798,0.2947551744109057,-0.9555728057861402,24.0
2020-11-10,20977,0.2660368455666412,-0.9639628606958627,24.0
2020-11-11,19851,0.2370803777155381,-0.9714900382928575,23.0
2020-11-12,21608,0.2079116908177643,-0.9781476007338046,23.0
2020-11-13,21983,0.17855689479860554,-0.9839295885986353,23.0
2020-11-14,22702,0.1490422661762193,-0.9888308262251218,23.0
2020-11-15,22572,0.11939422454025292,-0.9928469263418362,23.0
2020-11-16,22778,0.08963930890340555,-0.9959742939952415,23.0
2020-11-17,22410,0.059804153945083,-0.9982101297677323,23.0
2020-11-18,20985,0.02991546616941065,-0.999552432283503,22.0
2020-11-19,23610,-2.450902947949836e-14,-1.0,22.0
2020-11-20,24318,-0.02991546616934601,-0.999552432283505,21.0
2020-11-21,24822,-0.05980415394501844,-0.998210129767736,21.0
2020-11-22,24581,-0.08963930890345437,-0.9959742939952372,21.0
2020-11-23,25173,-0.11939422454030159,-0.9928469263418305,21.0
2020-11-24,24326,-0.14904226617615535,-0.9888308262251314,21.0
2020-11-25,23675,-0.17855689479865378,-0.9839295885986266,20.0
2020-11-26,25487,-0.20791169081781227,-0.9781476007337944,20.0
2020-11-27,27543,-0.2370803777154753,-0.9714900382928728,20.0
2020-11-28,27100,-0.26603684556668844,-0.9639628606958496,19.0
2020-11-29,26683,-0.2947551744109525,-0.9555728057861258,19.0
2020-11-30,26338,-0.32320965745443503,-0.9463273837991727,19.0
2020-12-01,26402,-0.35137482408135234,-0.9362348706397335,19.0
2020-12-02,25345,-0.3792254626529719,-0.9253043004739789,19.0
2020-12-03,28145,-0.40673664307577284,-0.9135454576426131,19.0
2020-12-04,27403,-0.43388373911756417,-0.9009688679024163,18.0
2020-12-05,28782,-0.46064245045067087,-0.8875857890045341,18.0
2020-12-06,29039,-0.486988824404338,-0.8734082006171461,18.0
2020-12-07,28142,-0.5128992774059089,-0.8584487936018645,18.0
2020-12-08,26097,-0.538350616090716,-0.8427209586540176,18.0
2020-12-09,26190,-0.5633200580635914,-0.8262387743160158,18.0
2020-12-10,27927,-0.5877852522924728,-0.8090169943749477,18.0
2020-12-11,28585,-0.6117242991150351,-0.791071034656319,18.0
2020-12-12,28137,-0.6351157698421473,-0.7724169592246254,18.0
2020-12-13,28080,-0.6579387259397096,-0.7530714660036135,18.0
2020-12-14,27328,-0.6801727377709434,-0.733051871829804,18.0
2020-12-15,26689,-0.7017979028839599,-0.7123760969513758,18.0
2020-12-16,26509,-0.7227948638273863,-0.6910626489868701,18.0
2020-12-17,28214,-0.7431448254774138,-0.6691306063588365,18.0
2020-12-18,28552,-0.7628295718622357,-0.6465996012158362,18.0
2020-12-19,28209,-0.7818314824680229,-0.6234898018587421,18.0
2020-12-20,28948,-0.8001335480112217,-0.5998218946878932,18.0
2020-12-21,29350,-0.8177193856644018,-0.5756170656857155,19.0
2020-12-22,28776,-0.8345732537212947,-0.5508969814521147,19.0
2020-12-23,27250,-0.8506800656873511,-0.5256837698104859,19.0
2020-12-24,29935,-0.8660254037844112,-0.5000000000000475,19.0
2020-12-25,29018,-0.8805955318567293,-0.4738686624730147,19.0
2020-12-26,29258,-0.8943774076663451,-0.447313148315616,19.0
2020-12-27,28284,-0.9073586945678881,-0.42035722830951533,19.0
2020-12-28,27787,-0.9195277725514421,-0.3930250316539436,19.0
2020-12-29,27002,-0.9308737486442097,-0.36534102436638105,19.0
2020-12-30,26513,-0.9413864666609206,-0.3373299873827813,19.0
2020-12-31,27747,-0.9510565162951458,-0.3090169943749715,19.0
2021-01-01,27039,-0.9598752415428923,-0.28042738930599176,19.0
2021-01-02,26301,-0.9678347484506786,-0.25158676374446187,19.0
2021-01-03,24150,-0.9749279121818172,-0.2225209339563425,20.0
2021-01-04,23351,-0.9811483833941741,-0.19325591779554555,20.0
2021-01-05,24246,-0.9864905939235288,-0.16381791141509372,20.0
2021-01-06,24217,-0.9909497617679304,-0.13423326581768757,20.0
2021-01-07,23541,-0.9945218953682737,-0.10452846326764917,20.0
2021-01-08,23652,-0.9972037971811832,-0.07473009358638334,20.0
2021-01-09,23309,-0.998993066541313,-0.04486483035055083,21.0
2021-01-10,22851,-0.9998881018102734,-0.014959407015262854,21.0
2021-01-11,23315,-0.9998881018102729,0.014959407015301088,21.0
2021-01-12,22934,-0.9989930665413164,0.04486483035047546,21.0
2021-01-13,22850,-0.9972037971811804,0.07473009358642146,21.0
2021-01-14,24763,-0.9945218953682697,0.10452846326768721,21.0
2021-01-15,24715,-0.9909497617679406,0.1342332658176128,21.0
2021-01-16,24092,-0.9864905939235225,0.16381791141513144,21.0
2021-01-17,23586,-0.9811483833941668,0.19325591779558304,21.0
2021-01-18,22857,-0.9749279121818339,0.22252093395626896,22.0
2021-01-19,21734,-0.967834748450669,0.2515867637444989,22.0
2021-01-20,21152,-0.9598752415428815,0.2804273893060285,22.0
2021-01-21,21887,-0.9510565162951691,0.3090169943748997,22.0
2021-01-22,21513,-0.9413864666609078,0.33732998738281733,22.0
2021-01-23,20921,-0.9308737486441958,0.36534102436641663,22.0
2021-01-24,21127,-0.9195277725514718,0.3930250316538742,22.0
2021-01-25,19290,-0.907358694567872,0.42035722830955,22.0
2021-01-26,18241,-0.894377407666328,0.4473131483156502,22.0
2021-01-27,17741,-0.8805955318567112,0.4738686624730483,22.0
2021-01-28,19138,-0.8660254037844489,0.4999999999999822,22.0
2021-01-29,19238,-0.850680065687331,0.5256837698105185,22.0
2021-01-30,19032,-0.8345732537212736,0.5508969814521466,22.0
2021-01-31,18359,-0.8177193856644452,0.5756170656856539,22.0
2021-02-01,17648,-0.8001335480111987,0.5998218946879238,22.0
2021-02-02,16643,-0.781831482467999,0.6234898018587721,22.0
2021-02-03,16474,-0.7628295718622844,0.6465996012157785,22.0
2021-02-04,16714,-0.7431448254773882,0.6691306063588649,22.0
2021-02-05,16688,-0.7227948638273599,0.6910626489868977,22.0
2021-02-06,16627,-0.7017979028840137,0.7123760969513229,22.0
2021-02-07,16048,-0.6801727377709154,0.73305187182983,22.0
2021-02-08,15916,-0.6579387259396808,0.7530714660036387,22.0
2021-02-09,15019,-0.6351157698422056,0.7724169592245774,22.0
2021-02-10,14494,-0.6117242991150048,0.7910710346563424,22.0
2021-02-11,15038,-0.5877852522924418,0.8090169943749701,22.0
2021-02-12,15089,-0.5633200580636537,0.8262387743159733,22.0
2021-02-13,14861,-0.5383506160906837,0.8427209586540383,22.0
2021-02-14,14185,-0.512899277405876,0.8584487936018841,23.0
2021-02-15,14207,-0.4869888244044039,0.8734082006171093,23.0
2021-02-16,13233,-0.4606424504506369,0.8875857890045517,23.0
2021-02-17,12828,-0.43388373911752975,0.9009688679024328,23.0
2021-02-18,13447,-0.40673664307584173,0.9135454576425824,23.0
2021-02-19,13433,-0.3792254626529365,0.9253043004739934,23.0
2021-02-20,12953,-0.35137482408131654,0.9362348706397471,23.0
2021-02-21,12742,-0.3232096574545064,0.9463273837991484,23.0
2021-02-22,12604,-0.294755174410916,0.9555728057861371,24.0
2021-02-23,11823,-0.2660368455666516,0.9639628606958598,24.0
2021-02-24,11749,-0.2370803777155486,0.971490038292855,24.0
2021-02-25,11198,-0.20791169081777486,0.9781476007338024,24.0
2021-02-26,11086,-0.17855689479861614,0.9839295885986333,24.0
2021-02-27,11534,-0.14904226617611754,0.9888308262251371,24.0
2021-02-28,11359,-0.11939422454026362,0.992846926341835,25.0
2021-03-01,11571,-0.08963930890341629,0.9959742939952406,25.0
2021-03-02,10565,-0.05980415394498027,0.9982101297677384,25.0
2021-03-03,10535,-0.029915466169421426,0.9995524322835027,25.0
2021-03-04,11385,1.3728423763182123e-14,1.0,25.0
2021-03-05,11024,0.02991546616944887,0.9995524322835019,25.0
2021-03-06,11022,0.05980415394500768,0.9982101297677367,25.0
2021-03-07,10595,0.08963930890344363,0.9959742939952381,25.0
2021-03-08,10253,0.11939422454029089,0.9928469263418317,26.0
2021-03-09,9445,0.1490422661761447,0.9888308262251331,26.0
2021-03-10,9079,0.17855689479864315,0.9839295885986284,26.0
2021-03-11,9270,0.20791169081780173,0.9781476007337966,26.0
2021-03-12,9794,0.2370803777154648,0.9714900382928754,26.0
2021-03-13,9908,0.26603684556667806,0.9639628606958525,26.0
2021-03-14,10083,0.29475517441094223,0.955572805786129,26.0
2021-03-15,9437,0.3232096574544248,0.9463273837991762,27.0
2021-03-16,9393,0.35137482408134224,0.9362348706397374,27.0
2021-03-17,8998,0.3792254626529619,0.9253043004739829,27.0
2021-03-18,9803,0.40673664307576296,0.9135454576426175,27.0
2021-03-19,9699,0.43388373911755446,0.9009688679024209,27.0
2021-03-20,9632,0.46064245045066127,0.887585789004539,27.0
2021-03-21,9299,0.48698882440432856,0.8734082006171513,28.0
2021-03-22,9284,0.5128992774058996,0.85844879360187,28.0
2021-03-23,8457,0.5383506160907069,0.8427209586540235,28.0
2021-03-24,8861,0.5633200580635824,0.8262387743160219,28.0
2021-03-25,9221,0.5877852522924641,0.809016994374954,28.0
2021-03-26,9167,0.6117242991150266,0.7910710346563257,28.0
2021-03-27,8885,0.635115769842139,0.7724169592246322,28.0
2021-03-28,9088,0.6579387259397015,0.7530714660036206,28.0
2021-03-29,8711,0.6801727377709355,0.7330518718298114,29.0
2021-03-30,8277,0.7017979028839522,0.7123760969513834,29.0
2021-03-31,8275,0.7227948638273789,0.6910626489868779,29.0
2021-04-01,9169,0.7431448254774066,0.6691306063588445,29.0
2021-04-02,8792,0.7628295718623022,0.6465996012157575,29.0
2021-04-03,9021,0.7818314824680161,0.6234898018587506,29.0
2021-04-04,8817,0.8001335480112153,0.5998218946879018,29.0
2021-04-05,8646,0.817719385664461,0.5756170656856313,30.0
2021-04-06,8328,0.8345732537212887,0.5508969814521237,30.0
2021-04-07,8294,0.8506800656873454,0.525683769810495,30.0
2021-04-08,8672,0.8660254037844627,0.4999999999999584,30.0
2021-04-09,9150,0.8805955318567242,0.47386866247302417,30.0
2021-04-10,8704,0.8943774076663403,0.4473131483156257,29.0
2021-04-11,8702,0.9073586945678835,0.42035722830952515,30.0
2021-04-12,8320,0.9195277725514379,0.3930250316539535,30.0
2021-04-13,8173,0.9308737486442058,0.3653410243663911,30.0
2021-04-14,8326,0.941386466660917,0.33732998738279146,30.0
2021-04-15,8944,0.9510565162951424,0.3090169943749817,30.0
2021-04-16,8995,0.9598752415428892,0.28042738930600214,30.0
2021-04-17,9321,0.9678347484506759,0.2515867637444723,30.0
2021-04-18,8632,0.9749279121818147,0.22252093395635303,30.0
2021-04-19,8589,0.9811483833941721,0.19325591779555612,30.0
2021-04-20,8164,0.986490593923527,0.16381791141510435,30.0
2021-04-21,8271,0.9909497617679289,0.13423326581769826,30.0
2021-04-22,8996,0.9945218953682726,0.1045284632676599,30.0
2021-04-23,8840,0.9972037971811825,0.07473009358639408,30.0
2021-04-24,8828,0.9989930665413126,0.04486483035056161,30.0
2021-04-25,8780,0.9998881018102732,0.014959407015273634,30.0
2021-04-26,8803,0.999888101810273,-0.014959407015290308,30.0
2021-04-27,8053,0.9989930665413169,-0.04486483035046469,30.0
2021-04-28,7848,0.9972037971811811,-0.07473009358641072,30.0
2021-04-29,9284,0.994521895368271,-0.10452846326767648,30.0
2021-04-30,8731,0.990949761767942,-0.13423326581760212,30.0
2021-05-01,9270,0.9864905939235242,-0.16381791141512078,30.0
2021-05-02,8697,0.9811483833941689,-0.19325591779557247,30.0
2021-05-03,8489,0.9749279121818111,-0.2225209339563693,31.0
2021-05-04,7770,0.9678347484506716,-0.25158676374448846,31.0
2021-05-05,7975,0.9598752415428845,-0.2804273893060181,31.0
2021-05-06,7639,0.9510565162951373,-0.3090169943749976,31.0
2021-05-07,8386,0.9413864666609113,-0.3373299873828072,31.0
2021-05-08,8329,0.9308737486441997,-0.36534102436640664,31.0
2021-05-09,8419,0.9195277725514313,-0.39302503165396885,31.0
2021-05-10,8465,0.9073586945678765,-0.42035722830954025,31.0
2021-05-11,8115,0.8943774076663328,-0.4473131483156406,32.0
2021-05-12,8217,0.8805955318567164,-0.4738686624730388,31.0
2021-05-13,8380,0.8660254037844544,-0.49999999999997286,31.0
2021-05-14,9462,0.8506800656873367,-0.5256837698105092,31.0
2021-05-15,8790,0.8345732537212794,-0.5508969814521376,31.0
2021-05-16,8554,0.8177193856644515,-0.575617065685645,31.0
2021-05-17,9328,0.8001335480112052,-0.5998218946879151,31.0
2021-05-18,8183,0.7818314824680058,-0.6234898018587637,31.0
2021-05-19,7920,0.7628295718622914,-0.6465996012157703,31.0
2021-05-20,9232,0.7431448254773955,-0.6691306063588569,31.0
2021-05-21,8937,0.7227948638273674,-0.69106264898689,30.0
2021-05-22,8709,0.7017979028840213,-0.7123760969513153,30.0
2021-05-23,8951,0.6801727377709232,-0.7330518718298227,30.0
2021-05-24,8406,0.6579387259396889,-0.7530714660036316,31.0
2021-05-25,7884,0.635115769842214,-0.7724169592245705,31.0
2021-05-26,8373,0.6117242991150134,-0.7910710346563358,31.0
2021-05-27,9039,0.5877852522924506,-0.8090169943749638,30.0
2021-05-28,9252,0.5633200580636626,-0.8262387743159672,30.0
2021-05-29,9289,0.5383506160906928,-0.8427209586540324,30.0
2021-05-30,9694,0.5128992774058853,-0.8584487936018785,30.0
2021-05-31,8475,0.48698882440441327,-0.8734082006171041,30.0
2021-06-01,9500,0.4606424504506465,-0.8875857890045467,30.0
2021-06-02,8832,0.43388373911753947,-0.9009688679024281,30.0
2021-06-03,8933,0.40673664307574775,-0.9135454576426243,30.0
2021-06-04,8947,0.3792254626529465,-0.9253043004739893,30.0
2021-06-05,9145,0.35137482408132664,-0.9362348706397432,30.0
2021-06-06,9163,0.32320965745440905,-0.9463273837991816,30.0
2021-06-07,9429,0.2947551744109263,-0.9555728057861339,30.0
2021-06-08,9977,0.26603684556666196,-0.9639628606958569,30.0
2021-06-09,10407,0.23708037771544863,-0.9714900382928794,30.0
2021-06-10,11699,0.2079116908177854,-0.9781476007338001,29.0
2021-06-11,12505,0.17855689479862674,-0.9839295885986314,29.0
2021-06-12,13510,0.1490422661761282,-0.9888308262251355,29.0
2021-06-13,14723,0.11939422454027433,-0.9928469263418337,29.0
2021-06-14,13721,0.08963930890342703,-0.9959742939952396,29.0
2021-06-15,14185,0.059804153944991036,-0.9982101297677377,29.0
2021-06-16,13397,0.029915466169432203,-0.9995524322835023,29.0
2021-06-17,14057,-2.9478180468658846e-15,-1.0,28.0
2021-06-18,17262,-0.029915466169438094,-0.9995524322835022,28.0
2021-06-19,17906,-0.05980415394499692,-0.9982101297677374,28.0
2021-06-20,17611,-0.0896393089034329,-0.9959742939952391,28.0
2021-06-21,17378,-0.11939422454028017,-0.992846926341833,28.0
2021-06-22,16715,-0.14904226617613403,-0.9888308262251346,27.0
2021-06-23,17594,-0.17855689479863254,-0.9839295885986304,27.0
2021-06-24,20182,-0.20791169081779118,-0.9781476007337989,26.0
2021-06-25,20393,-0.23708037771545434,-0.9714900382928779,26.0
2021-06-26,21665,-0.2660368455666677,-0.9639628606958554,25.0
2021-06-27,20538,-0.2947551744109319,-0.9555728057861322,25.0
2021-06-28,21650,-0.3232096574544146,-0.9463273837991797,24.0
2021-06-29,20616,-0.35137482408133214,-0.9362348706397412,23.0
2021-06-30,21042,-0.37922546265295193,-0.925304300473987,23.0
2021-07-01,23543,-0.40673664307575313,-0.9135454576426218,22.0
2021-07-02,23218,-0.43388373911754474,-0.9009688679024256,21.0
2021-07-03,24439,-0.4606424504506517,-0.887585789004544,21.0
2021-07-04,25142,-0.4869888244043191,-0.8734082006171565,21.0
2021-07-05,24353,-0.5128992774058904,-0.8584487936018755,21.0
2021-07-06,23378,-0.5383506160906978,-0.8427209586540293,20.0
2021-07-07,23962,-0.5633200580636675,-0.8262387743159638,20.0
2021-07-08,24818,-0.5877852522924554,-0.8090169943749603,19.0
2021-07-09,25766,-0.611724299115018,-0.7910710346563322,19.0
2021-07-10,25082,-0.6351157698422185,-0.7724169592245669,19.0
2021-07-11,25033,-0.6579387259396934,-0.7530714660036277,19.0
2021-07-12,25140,-0.6801727377709276,-0.7330518718298187,19.0
2021-07-13,24702,-0.7017979028840255,-0.7123760969513112,19.0
2021-07-14,23827,-0.7227948638273715,-0.6910626489868856,19.0
2021-07-15,25293,-0.7431448254773994,-0.6691306063588526,19.0
2021-07-16,25704,-0.7628295718622952,-0.6465996012157659,19.0
2021-07-17,25116,-0.7818314824680095,-0.623489801858759,19.0
2021-07-18,25018,-0.8001335480112087,-0.5998218946879104,19.0
2021-07-19,24633,-0.8177193856644548,-0.5756170656856402,19.0
2021-07-20,23770,-0.8345732537212828,-0.5508969814521327,19.0
2021-07-21,23704,-0.8506800656873398,-0.5256837698105042,19.0
2021-07-22,24471,-0.8660254037844572,-0.49999999999996775,19.0
2021-07-23,23811,-0.8805955318567191,-0.47386866247303366,19.0
2021-07-24,23947,-0.8943774076663354,-0.44731314831563534,19.0
2021-07-25,24072,-0.907358694567879,-0.4203572283095349,19.0
2021-07-26,23239,-0.9195277725514336,-0.3930250316539634,19.0
2021-07-27,23032,-0.9308737486442018,-0.36534102436640115,20.0
2021-07-28,22420,-0.9413864666609133,-0.3373299873828016,20.0
2021-07-29,23270,-0.9510565162951391,-0.30901699437499197,20.0
2021-07-30,23564,-0.9598752415428862,-0.28042738930601246,20.0
2021-07-31,23807,-0.9678347484506732,-0.25158676374448274,20.0
2021-08-01,22804,-0.9749279121818124,-0.22252093395636355,20.0
2021-08-02,23508,-0.98114838339417,-0.1932559177955667,21.0
2021-08-03,22010,-0.9864905939235252,-0.16381791141511498,21.0
2021-08-04,22589,-0.9909497617679275,-0.13423326581770895,21.0
2021-08-05,23120,-0.9945218953682715,-0.10452846326767062,21.0
2021-08-06,22660,-0.9972037971811816,-0.07473009358640484,21.0
2021-08-07,22320,-0.9989930665413171,-0.0448648303504588,22.0
2021-08-08,22866,-0.9998881018102731,-0.014959407015284414,22.0
2021-08-09,22160,-0.9998881018102732,0.01495940701527953,22.0
2021-08-10,21378,-0.9989930665413123,0.04486483035056749,23.0
2021-08-11,21571,-0.997203797181182,0.07473009358639997,23.0
2021-08-12,21932,-0.9945218953682721,0.10452846326766577,23.0
2021-08-13,22277,-0.9909497617679282,0.1342332658177041,23.0
2021-08-14,22144,-0.986490593923526,0.16381791141511015,23.0
2021-08-15,21624,-0.9811483833941709,0.1932559177955619,23.0
2021-08-16,20765,-0.9749279121818135,0.22252093395635877,24.0
2021-08-17,20958,-0.9678347484506744,0.251586763744478,24.0
2021-08-18,20914,-0.9598752415428876,0.2804273893060078,24.0
2021-08-19,21058,-0.9510565162951407,0.3090169943749873,24.0
2021-08-20,20992,-0.941386466660915,0.337329987382797,24.0
2021-08-21,21000,-0.9308737486442037,0.3653410243663966,24.0
2021-08-22,20564,-0.9195277725514356,0.3930250316539589,24.0
2021-08-23,19454,-0.9073586945678811,0.4203572283095305,25.0
2021-08-24,18833,-0.8943774076663377,0.44731314831563096,25.0
2021-08-25,19536,-0.8805955318567215,0.47386866247302933,25.0
2021-08-26,19630,-0.8660254037844597,0.49999999999996353,25.0
2021-08-27,19509,-0.8506800656873424,0.5256837698105,25.0
2021-08-28,19492,-0.8345732537212854,0.5508969814521286,25.0
2021-08-29,19286,-0.8177193856644577,0.5756170656856362,26.0
2021-08-30,18325,-0.8001335480112117,0.5998218946879065,26.0
2021-08-31,17813,-0.7818314824680125,0.6234898018587552,26.0
2021-09-01,18368,-0.7628295718622984,0.6465996012157621,26.0
2021-09-02,18985,-0.7431448254774026,0.6691306063588489,26.0
2021-09-03,18856,-0.7227948638273748,0.6910626489868822,27.0
2021-09-04,18780,-0.701797902884029,0.7123760969513078,27.0
2021-09-05,18645,-0.6801727377709312,0.7330518718298153,27.0
2021-09-06,17856,-0.657938725939697,0.7530714660036245,27.0
2021-09-07,17425,-0.6351157698421345,0.7724169592246359,28.0
2021-09-08,18024,-0.6117242991150219,0.7910710346563292,28.0
2021-09-09,18380,-0.5877852522924594,0.8090169943749574,28.0
2021-09-10,18341,-0.5633200580635775,0.8262387743160252,28.0
2021-09-11,18891,-0.5383506160907019,0.8427209586540266,28.0
2021-09-12,18554,-0.5128992774058946,0.8584487936018731,28.0
2021-09-13,18178,-0.4869888244043234,0.8734082006171542,29.0
2021-09-14,17837,-0.46064245045065605,0.8875857890045418,29.0
2021-09-15,18841,-0.4338837391175492,0.9009688679024235,29.0
2021-09-16,19594,-0.4067366430757576,0.9135454576426199,29.0
2021-09-17,19905,-0.3792254626529565,0.9253043004739853,29.0
2021-09-18,20329,-0.35137482408133675,0.9362348706397394,30.0
2021-09-19,20174,-0.3232096574544192,0.9463273837991781,30.0
2021-09-20,19744,-0.29475517441093657,0.9555728057861308,30.0
2021-09-21,19179,-0.2660368455666724,0.963962860695854,31.0
2021-09-22,19706,-0.2370803777154591,0.9714900382928768,31.0
2021-09-23,21438,-0.20791169081779595,0.9781476007337978,31.0
2021-09-24,21379,-0.17855689479863734,0.9839295885986296,31.0
2021-09-25,22041,-0.14904226617613886,0.988830826225134,31.0
2021-09-26,22498,-0.11939422454028503,0.9928469263418325,31.0
2021-09-27,22236,-0.08963930890343776,0.9959742939952386,32.0
2021-09-28,21559,-0.05980415394500179,0.998210129767737,32.0
2021-09-29,22430,-0.02991546616944298,0.999552432283502,32.0
2021-09-30,23888,-7.832787669450353e-15,1.0,32.0
2021-10-01,24522,0.02991546616942732,0.9995524322835025,32.0
2021-10-02,25219,0.05980415394498616,0.998210129767738,31.0
2021-10-03,25769,0.08963930890342216,0.9959742939952401,32.0
2021-10-04,25781,0.11939422454026948,0.9928469263418342,32.0
2021-10-05,25110,0.14904226617612337,0.9888308262251363,32.0
2021-10-06,25133,0.17855689479862194,0.9839295885986323,32.0
2021-10-07,27550,0.20791169081778063,0.9781476007338011,31.0
2021-10-08,27246,0.23708037771544388,0.9714900382928805,31.0
2021-10-09,29362,0.2660368455666573,0.9639628606958582,31.0
2021-10-10,28647,0.29475517441092164,0.9555728057861353,31.0
2021-10-11,29409,0.32320965745451197,0.9463273837991465,31.0
2021-10-12,28190,0.35137482408132203,0.936234870639745,31.0
2021-10-13,28717,0.379225462652942,0.9253043004739911,31.0
2021-10-14,31299,0.4067366430758471,0.91354545764258,31.0
2021-10-15,32196,0.43388373911753503,0.9009688679024302,30.0
2021-10-16,33208,0.46064245045064217,0.887585789004549,30.0
2021-10-17,34303,0.486988824404409,0.8734082006171064,30.0
2021-10-18,34325,0.5128992774058811,0.8584487936018811,30.0
2021-10-19,33740,0.5383506160906887,0.8427209586540351,30.0
2021-10-20,34073,0.5633200580636586,0.8262387743159699,30.0
2021-10-21,36339,0.5877852522924466,0.8090169943749667,29.0
2021-10-22,37141,0.6117242991150095,0.7910710346563388,29.0
2021-10-23,37678,0.6351157698422102,0.7724169592245737,29.0
2021-10-24,35660,0.6579387259396853,0.7530714660036348,29.0
2021-10-25,37930,0.6801727377709197,0.733051871829826,29.0
2021-10-26,36446,0.7017979028840178,0.7123760969513188,28.0
2021-10-27,36582,0.722794863827364,0.6910626489868935,28.0
2021-10-28,40096,0.7431448254773921,0.6691306063588606,28.0
2021-10-29,39849,0.7628295718622883,0.6465996012157741,27.0
2021-10-30,40251,0.7818314824680027,0.6234898018587675,27.0
2021-10-31,40993,0.8001335480112023,0.599821894687919,27.0
2021-11-01,40402,0.8177193856644486,0.575617065685649,27.0
2021-11-02,39008,0.8345732537212768,0.5508969814521417,27.0
2021-11-03,40443,0.8506800656873341,0.5256837698105135,27.0
2021-11-04,40217,0.8660254037844519,0.4999999999999771,26.0
2021-11-05,40735,0.880595531856714,0.47386866247304316,26.0
2021-11-06,41335,0.8943774076663307,0.44731314831564495,26.0
2021-11-07,39165,0.9073586945678744,0.4203572283095447,26.0
2021-11-08,39400,0.9195277725514294,0.39302503165397334,26.0
2021-11-09,39160,0.9308737486441979,0.3653410243664112,26.0
2021-11-10,38058,0.9413864666609097,0.3373299873828118,26.0
2021-11-11,40759,0.9510565162951709,0.3090169943748941,26.0
2021-11-12,40123,0.9598752415428832,0.28042738930602285,26.0
2021-11-13,39256,0.9678347484506704,0.2515867637444932,26.0
2021-11-14,38823,0.9749279121818353,0.2225209339562632,26.0
2021-11-15,38420,0.9811483833941679,0.19325591779557727,26.0
2021-11-16,36818,0.9864905939235235,0.1638179114151256,26.0
2021-11-17,36626,0.9909497617679414,0.13423326581760697,26.0
2021-11-18,37374,0.9945218953682704,0.10452846326768134,26.0
2021-11-19,37156,0.9972037971811808,0.0747300935864156,26.0
2021-11-20,37120,0.9989930665413167,0.04486483035046957,26.0
2021-11-21,36970,0.999888101810273,0.014959407015295193,26.0
2021-11-22,35681,0.9998881018102733,-0.01495940701526875,26.0
2021-11-23,33996,0.9989930665413128,-0.044864830350556724,26.0
2021-11-24,33558,0.9972037971811828,-0.07473009358638921,26.0
2021-11-25,33796,0.9945218953682732,-0.10452846326765504,26.0
2021-11-26,34690,0.9909497617679296,-0.1342332658176934,27.0
2021-11-27,33946,0.9864905939235278,-0.16381791141509952,27.0
2021-11-28,33548,0.981148383394173,-0.19325591779555132,27.0
2021-11-29,33860,0.9749279121818158,-0.22252093395634825,27.0
2021-11-30,32648,0.9678347484506771,-0.2515867637444676,27.0
2021-12-01,32837,0.9598752415428906,-0.2804273893059974,27.0
2021-12-02,33389,0.951056516295144,-0.3090169943749771,27.0
2021-12-03,32930,0.9413864666609186,-0.33732998738278686,27.0
2021-12-04,32974,0.9308737486442076,-0.36534102436638655,28.0
2021-12-05,32602,0.9195277725514398,-0.39302503165394903,28.0
2021-12-06,32136,0.9073586945678855,-0.4203572283095207,28.0
2021-12-07,31096,0.8943774076663424,-0.4473131483156213,28.0
2021-12-08,30752,0.8805955318567266,-0.47386866247301984,28.0
2021-12-09,30209,0.8660254037844651,-0.49999999999995415,28.0
2021-12-10,30873,0.8506800656873481,-0.5256837698104909,28.0
2021-12-11,30288,0.8345732537212913,-0.5508969814521196,28.0
2021-12-12,29929,0.8177193856643984,-0.5756170656857204,29.0
2021-12-13,29558,0.8001335480112182,-0.5998218946878979,29.0
2021-12-14,28343,0.7818314824680193,-0.6234898018587468,29.0
2021-12-15,28363,0.7628295718622319,-0.6465996012158406,29.0
2021-12-16,28486,0.7431448254774098,-0.6691306063588409,29.0
2021-12-17,27743,0.7227948638273822,-0.6910626489868743,29.0
2021-12-18,27434,0.7017979028839557,-0.7123760969513799,29.0
2021-12-19,27967,0.6801727377709391,-0.733051871829808,29.0
2021-12-20,27022,0.6579387259397053,-0.7530714660036174,29.0
2021-12-21,25907,0.6351157698421428,-0.772416959224629,29.0
2021-12-22,25264,0.6117242991150305,-0.7910710346563227,29.0
2021-12-23,25667,0.587785252292468,-0.8090169943749511,28.0
2021-12-24,24703,0.5633200580635865,-0.8262387743160191,28.0
2021-12-25,24946,0.538350616090711,-0.8427209586540209,28.0
2021-12-26,23721,0.5128992774059038,-0.8584487936018675,28.0
2021-12-27,23210,0.48698882440433283,-0.873408200617149,28.0
2021-12-28,21922,0.4606424504506656,-0.8875857890045368,27.0
2021-12-29,21119,0.4338837391175589,-0.9009688679024188,27.0
2021-12-30,21073,0.40673664307576746,-0.9135454576426155,27.0
2021-12-31,20638,0.3792254626529664,-0.9253043004739812,26.0
2022-01-01,19751,0.3513748240813468,-0.9362348706397357,26.0
2022-01-02,18233,0.3232096574544294,-0.9463273837991747,26.0
2022-01-03,16343,0.2947551744109469,-0.9555728057861276,27.0
2022-01-04,15903,0.2660368455666828,-0.9639628606958511,27.0
2022-01-05,15772,0.23708037771546955,-0.9714900382928743,27.0
2022-01-06,15316,0.2079116908178065,-0.9781476007337956,27.0
2022-01-07,16735,0.17855689479864797,-0.9839295885986276,27.0
2022-01-08,16568,0.14904226617614952,-0.9888308262251323,28.0
2022-01-09,16246,0.11939422454029573,-0.9928469263418311,28.0
2022-01-10,15830,0.0896393089034485,-0.9959742939952376,28.0
2022-01-11,17525,0.05980415394501255,-0.9982101297677365,28.0
2022-01-12,17946,0.029915466169453755,-0.9995524322835017,28.0
2022-01-13,21155,1.8613393385766592e-14,-1.0,28.0
2022-01-14,23820,-0.029915466169416545,-0.9995524322835028,29.0
2022-01-15,27179,-0.05980415394508888,-0.9982101297677318,29.0
2022-01-16,29230,-0.08963930890341142,-0.9959742939952411,29.0
2022-01-17,30726,-0.11939422454025878,-0.9928469263418356,29.0
2022-01-18,31252,-0.14904226617622512,-0.9888308262251209,29.0
2022-01-19,33899,-0.17855689479861134,-0.9839295885986342,29.0
2022-01-20,38850,-0.20791169081777008,-0.9781476007338034,29.0
2022-01-21,49513,-0.23708037771554386,-0.9714900382928561,29.0
2022-01-22,57212,-0.26603684556664686,-0.9639628606958611,29.0
2022-01-23,63205,-0.2947551744109113,-0.9555728057861386,29.0
2022-01-24,65109,-0.3232096574545018,-0.9463273837991499,29.0
2022-01-25,67809,-0.351374824081312,-0.9362348706397488,29.0
2022-01-26,74692,-0.379225462652932,-0.9253043004739953,29.0
2022-01-27,88816,-0.4067366430758373,-0.9135454576425844,28.0
2022-01-28,98040,-0.4338837391175253,-0.9009688679024349,28.0
2022-01-29,113122,-0.46064245045063257,-0.8875857890045539,28.0
2022-01-30,121228,-0.4869888244043996,-0.8734082006171117,27.0
2022-01-31,124070,-0.5128992774058718,-0.8584487936018866,26.0
2022-02-01,125836,-0.5383506160906796,-0.8427209586540408,24.0
2022-02-02,141883,-0.5633200580636497,-0.826238774315976,22.0
2022-02-03,155768,-0.5877852522924379,-0.809016994374973,20.0
2022-02-04,168201,-0.6117242991150009,-0.7910710346563454,19.0
2022-02-05,177282,-0.6351157698422019,-0.7724169592245805,18.0
2022-02-06,180071,-0.6579387259396772,-0.7530714660036419,17.0
2022-02-07,171905,-0.6801727377709118,-0.7330518718298333,17.0
2022-02-08,165643,-0.7017979028840101,-0.7123760969513263,17.0
2022-02-09,183103,-0.7227948638273566,-0.6910626489869013,16.0
2022-02-10,197076,-0.7431448254773849,-0.6691306063588686,15.0
2022-02-11,203949,-0.7628295718622813,-0.6465996012157823,15.0
2022-02-12,203766,-0.781831482467996,-0.6234898018587759,15.0
2022-02-13,197949,-0.8001335480111958,-0.5998218946879277,15.0
2022-02-14,180456,-0.8177193856644425,-0.5756170656856578,15.0
2022-02-15,166631,-0.8345732537213335,-0.5508969814520558,15.0
2022-02-16,179284,-0.8506800656873285,-0.5256837698105226,15.0
2022-02-17,180622,-0.8660254037844465,-0.4999999999999864,14.0
2022-02-18,180071,-0.8805955318567629,-0.4738686624729525,14.0
2022-02-19,179147,-0.8943774076663258,-0.4473131483156546,14.0
2022-02-20,170699,-0.9073586945678699,-0.42035722830955446,14.0
2022-02-21,152337,-0.9195277725514698,-0.3930250316538787,14.0
2022-02-22,135172,-0.930873748644194,-0.3653410243664212,14.0
2022-02-23,137642,-0.9413864666609061,-0.33732998738282194,14.0
2022-02-24,132998,-0.9510565162951675,-0.3090169943749044,15.0
2022-02-25,123460,-0.9598752415428802,-0.28042738930603317,15.0
2022-02-26,122995,-0.9678347484506677,-0.2515867637445036,15.0
2022-02-27,116093,-0.974927912181833,-0.22252093395627373,15.0
2022-02-28,106920,-0.9811483833941658,-0.19325591779558784,16.0
2022-03-01,97333,-0.9864905939235217,-0.16381791141513624,16.0
2022-03-02,97455,-0.9909497617679399,-0.13423326581761766,16.0
2022-03-03,93026,-0.9945218953682693,-0.10452846326769206,16.0
2022-03-04,89174,-0.99720379718118,-0.07473009358642634,16.0
2022-03-05,86769,-0.9989930665413163,-0.04486483035048034,16.0
2022-03-06,79863,-0.9998881018102728,-0.014959407015305973,16.0
2022-03-07,73162,-0.9998881018102735,0.014959407015257971,16.0
2022-03-08,66576,-0.9989930665413133,0.044864830350545955,17.0
2022-03-09,58675,-0.9972037971811836,0.07473009358637847,17.0
2022-03-10,51231,-0.9945218953682743,0.10452846326764431,17.0
2022-03-11,50743,-0.990949761767931,0.13423326581768275,17.0
2022-03-12,48154,-0.9864905939235296,0.1638179114150889,17.0
2022-03-13,44989,-0.9811483833941751,0.19325591779554074,17.0
2022-03-14,41055,-0.9749279121818183,0.22252093395633776,17.0
2022-03-15,36678,-0.9678347484506798,0.25158676374445715,17.0
2022-03-16,36519,-0.9598752415428936,0.2804273893059871,17.0
2022-03-17,34819,-0.9510565162951473,0.3090169943749668,17.0
2022-03-18,34442,-0.9413864666608839,0.3373299873828837,17.0
2022-03-19,32958,-0.9308737486442115,0.3653410243663765,17.0
2022-03-20,31035,-0.919527772551444,0.3930250316539391,18.0
2022-03-21,28709,-0.9073586945678423,0.4203572283096141,18.0
2022-03-22,26394,-0.8943774076663473,0.4473131483156117,18.0
2022-03-23,26826,-0.8805955318567317,0.47386866247301035,18.0
2022-03-24,25387,-0.8660254037844136,0.5000000000000433,19.0
2022-03-25,25382,-0.8506800656873538,0.5256837698104817,19.0
2022-03-26,24072,-0.8345732537212973,0.5508969814521106,19.0
2022-03-27,23280,-0.8177193856644046,0.5756170656857115,19.0
2022-03-28,21101,-0.8001335480112246,0.5998218946878893,20.0
2022-03-29,19660,-0.7818314824680259,0.6234898018587384,20.0
2022-03-30,20145,-0.7628295718622388,0.6465996012158324,20.0
2022-03-31,19277,-0.743144825477417,0.6691306063588329,20.0
2022-04-01,19164,-0.7227948638273898,0.6910626489868665,20.0
2022-04-02,17949,-0.7017979028839634,0.7123760969513724,20.0
2022-04-03,16828,-0.680172737770947,0.7330518718298007,21.0
2022-04-04,15291,-0.6579387259397134,0.7530714660036103,21.0
2022-04-05,13947,-0.6351157698421511,0.7724169592246223,21.0
2022-04-06,14661,-0.6117242991150389,0.791071034656316,21.0
2022-04-07,14355,-0.5877852522924768,0.8090169943749448,21.0
2022-04-08,14311,-0.5633200580635954,0.826238774316013,21.0
2022-04-09,13573,-0.5383506160907201,0.8427209586540151,20.0
2022-04-10,13056,-0.512899277405913,0.858448793601862,20.0
2022-04-11,11855,-0.4869888244043422,0.8734082006171436,20.0
2022-04-12,10910,-0.4606424504506752,0.8875857890045318,20.0
2022-04-13,11754,-0.43388373911756856,0.900968867902414,20.0
2022-04-14,11348,-0.4067366430757773,0.9135454576426111,20.0
2022-04-15,11432,-0.3792254626529764,0.925304300473977,21.0
2022-04-16,11095,-0.3513748240813569,0.9362348706397319,21.0
2022-04-17,10263,-0.32320965745443964,0.9463273837991711,21.0
2022-04-18,9434,-0.29475517441084853,0.9555728057861579,21.0
2022-04-19,8640,-0.26603684556669316,0.9639628606958484,22.0
2022-04-20,9195,-0.23708037771548005,0.9714900382928717,22.0
2022-04-21,8875,-0.20791169081770583,0.978147600733817,22.0
2022-04-22,9001,-0.17855689479865858,0.9839295885986257,22.0
2022-04-23,8829,-0.14904226617616018,0.9888308262251307,23.0
2022-04-24,8446,-0.11939422454019356,0.9928469263418435,23.0
2022-04-25,7651,-0.08963930890345924,0.9959742939952367,24.0
2022-04-26,7107,-0.059804153945023315,0.9982101297677358,24.0
2022-04-27,7705,-0.029915466169350893,0.9995524322835048,24.0
2022-04-28,7681,-2.939399910208283e-14,1.0,25.0
2022-04-29,7710,0.02991546616940577,0.9995524322835031,25.0
2022-04-30,7363,0.05980415394507812,0.9982101297677325,25.0
2022-05-01,7047,0.08963930890340069,0.995974293995242,26.0
2022-05-02,6207,0.11939422454024808,0.9928469263418369,26.0
2022-05-03,5466,0.14904226617621447,0.9888308262251225,27.0
2022-05-04,5093,0.17855689479860073,0.9839295885986362,27.0
2022-05-05,5011,0.20791169081775954,0.9781476007338056,27.0
2022-05-06,5541,0.23708037771553336,0.9714900382928587,28.0
2022-05-07,5500,0.2660368455666365,0.9639628606958639,28.0
2022-05-08,5447,0.294755174410901,0.9555728057861417,29.0
2022-05-09,5030,0.3232096574544916,0.9463273837991534,29.0
2022-05-10,4531,0.3513748240813019,0.9362348706397525,30.0
2022-05-11,4102,0.379225462652922,0.9253043004739994,30.0
2022-05-12,4065,0.4067366430758274,0.9135454576425888,31.0
2022-05-13,4896,0.4338837391175156,0.9009688679024396,31.0
2022-05-14,5047,0.460642450450623,0.8875857890045589,32.0
2022-05-15,4956,0.4869888244043902,0.873408200617117,32.0
2022-05-16,4543,0.5128992774058626,0.8584487936018922,33.0
2022-05-17,4122,0.5383506160906706,0.8427209586540467,33.0
2022-05-18,4732,0.5633200580636408,0.8262387743159821,33.0
2022-05-19,4927,0.5877852522924292,0.8090169943749793,34.0
2022-05-20,5089,0.6117242991149925,0.791071034656352,34.0
2022-05-21,5034,0.6351157698421935,0.7724169592245874,35.0
2022-05-22,4710,0.6579387259397547,0.7530714660035742,35.0
2022-05-23,4158,0.6801727377709039,0.7330518718298407,36.0
2022-05-24,3785,0.7017979028840025,0.7123760969513339,36.0
2022-05-25,4580,0.7227948638274276,0.6910626489868269,36.0
2022-05-26,4700,0.7431448254773777,0.6691306063588766,37.0
2022-05-27,4619,0.7628295718622743,0.6465996012157905,37.0
2022-05-28,4556,0.7818314824680602,0.6234898018586954,37.0
2022-05-29,4188,0.8001335480111894,0.5998218946879363,38.0
2022-05-30,3801,0.8177193856644362,0.5756170656856666,38.0
2022-05-31,3526,0.8345732537213275,0.5508969814520648,39.0
2022-06-01,4151,0.8506800656873228,0.5256837698105318,39.0
2022-06-02,4262,0.8660254037844412,0.4999999999999957,39.0
2022-06-03,4188,0.8805955318567578,0.473868662472962,40.0
2022-06-04,4101,0.894377407666321,0.44731314831566427,40.0
2022-06-05,3786,0.9073586945678654,0.4203572283095643,41.0
2022-06-06,3349,0.9195277725514656,0.39302503165388863,41.0
2022-06-07,3259,0.93087374864419,0.36534102436643123,41.0
2022-06-08,3646,0.9413864666609024,0.33732998738283204,42.0
2022-06-09,3774,0.9510565162951642,0.3090169943749146,42.0
2022-06-10,3678,0.9598752415428772,0.28042738930604355,43.0
2022-06-11,3627,0.9678347484506651,0.25158676374451405,43.0
2022-06-12,3403,0.9749279121818305,0.22252093395628422,44.0
2022-06-13,2996,0.9811483833941638,0.19325591779559842,44.0
2022-06-14,2797,0.9864905939235199,0.16381791141514687,45.0
2022-06-15,2718,0.9909497617679385,0.13423326581762832,45.0
2022-06-16,3326,0.9945218953682682,0.10452846326770278,45.0
2022-06-17,3373,0.9972037971811792,0.07473009358643709,46.0
2022-06-18,3382,0.9989930665413157,0.04486483035049111,46.0
2022-06-19,3081,0.9998881018102727,0.014959407015316752,46.0
2022-06-20,2667,0.9998881018102737,-0.014959407015247192,47.0
2022-06-21,2500,0.9989930665413137,-0.044864830350535186,47.0
2022-06-22,3058,0.9972037971811759,-0.07473009358648108,47.0
2022-06-23,3166,0.9945218953682754,-0.1045284632676336,47.0
2022-06-24,3154,0.9909497617679325,-0.13423326581767206,48.0
2022-06-25,3072,0.9864905939235127,-0.1638179114151904,48.0
2022-06-26,3004,0.9811483833941772,-0.19325591779553017,49.0
2022-06-27,2683,0.9749279121818206,-0.22252093395632724,49.0
2022-06-28,2541,0.967834748450654,-0.25158676374455674,50.0
2022-06-29,3028,0.9598752415428966,-0.28042738930597677,50.0
2022-06-30,3106,0.9510565162951506,-0.30901699437495656,50.0
2022-07-01,3155,0.9413864666608875,-0.3373299873828736,50.0
2022-07-02,3285,0.9308737486442155,-0.3653410243663665,50.0
2022-07-03,3080,0.9195277725514482,-0.3930250316539292,51.0
2022-07-04,2866,0.9073586945678469,-0.4203572283096043,51.0
2022-07-05,2676,0.8943774076663521,-0.44731314831560204,52.0
2022-07-06,3150,0.8805955318567368,-0.47386866247300086,52.0
2022-07-07,3359,0.8660254037844191,-0.500000000000034,52.0
2022-07-08,3464,0.8506800656873594,-0.5256837698104726,53.0
2022-07-09,3539,0.8345732537213032,-0.5508969814521016,53.0
2022-07-10,3398,0.8177193856644108,-0.5756170656857027,53.0
2022-07-11,3097,0.800133548011231,-0.5998218946878806,54.0
2022-07-12,3002,0.7818314824680327,-0.6234898018587299,54.0
2022-07-13,3929,0.7628295718622458,-0.6465996012158242,54.0
2022-07-14,4238,0.7431448254774242,-0.6691306063588248,55.0
2022-07-15,4457,0.7227948638273972,-0.6910626489868588,55.0
2022-07-16,4698,0.701797902883971,-0.7123760969513648,56.0
2022-07-17,4664,0.6801727377709549,-0.7330518718297934,56.0
2022-07-18,4548,0.6579387259397215,-0.7530714660036032,57.0
2022-07-19,4200,0.6351157698421594,-0.7724169592246154,57.0
2022-07-20,5685,0.6117242991150474,-0.7910710346563095,56.0
2022-07-21,6391,0.5877852522924855,-0.8090169943749385,56.0
2022-07-22,6659,0.5633200580636043,-0.8262387743160069,56.0
2022-07-23,6953,0.5383506160906334,-0.8427209586540705,56.0
2022-07-24,7523,0.5128992774059223,-0.8584487936018564,56.0
2022-07-25,6571,0.48698882440435165,-0.8734082006171384,56.0
2022-07-26,6183,0.46064245045058383,-0.8875857890045792,56.0
2022-07-27,9027,0.43388373911757827,-0.9009688679024094,55.0
2022-07-28,11515,0.4067366430757871,-0.9135454576426068,55.0
2022-07-29,11422,0.3792254626528812,-0.925304300474016,55.0
2022-07-30,12248,0.351374824081367,-0.9362348706397281,55.0
2022-07-31,12498,0.32320965745444985,-0.9463273837991677,54.0
2022-08-01,10824,0.29475517441085886,-0.9555728057861548,53.0
2022-08-02,9560,0.26603684556670354,-0.9639628606958455,52.0
2022-08-03,14638,0.2370803777154905,-0.9714900382928692,49.0
2022-08-04,17126,0.20791169081771638,-0.9781476007338148,47.0
2022-08-05,18555,0.17855689479866918,-0.9839295885986238,45.0
2022-08-06,19974,0.14904226617617083,-0.9888308262251291,42.0
2022-08-07,20303,0.11939422454020426,-0.9928469263418421,40.0
2022-08-08,17862,0.08963930890346997,-0.9959742939952357,38.0
2022-08-09,16325,0.05980415394503408,-0.9982101297677352,35.0
2022-08-10,23771,0.02991546616936167,-0.9995524322835044,32.0
2022-08-11,25815,4.017460481839907e-14,-1.0,28.0
2022-08-12,27810,-0.029915466169394993,-0.9995524322835034,26.0
2022-08-13,28694,-0.059804153945067356,-0.9982101297677332,24.0
2022-08-14,28982,-0.08963930890338995,-0.995974293995243,22.0
2022-08-15,25273,-0.11939422454023736,-0.9928469263418381,21.0
2022-08-16,23909,-0.1490422661762038,-0.9888308262251241,19.0
2022-08-17,33106,-0.17855689479859013,-0.9839295885986381,18.0
2022-08-18,35809,-0.207911690817749,-0.9781476007338078,18.0
2022-08-19,37609,-0.2370803777155229,-0.9714900382928613,17.0
2022-08-20,40010,-0.2660368455666261,-0.9639628606958668,16.0
2022-08-21,39669,-0.2947551744108907,-0.9555728057861449,16.0
2022-08-22,33061,-0.3232096574544814,-0.9463273837991569,16.0
2022-08-23,30967,-0.3513748240812918,-0.9362348706397563,15.0
2022-08-24,40231,-0.379225462652912,-0.9253043004740035,14.0
2022-08-25,43919,-0.4067366430758176,-0.9135454576425932,14.0
2022-08-26,46452,-0.43388373911760836,-0.9009688679023949,14.0
2022-08-27,47093,-0.4606424504506134,-0.8875857890045639,14.0
2022-08-28,46857,-0.4869888244043808,-0.8734082006171222,14.0
2022-08-29,39658,-0.512899277405951,-0.8584487936018393,14.0
2022-08-30,37067,-0.5383506160906615,-0.8427209586540525,13.0
2022-08-31,46321,-0.5633200580636318,-0.8262387743159881,13.0
2022-09-01,49761,-0.5877852522925124,-0.8090169943749188,13.0
2022-09-02,50952,-0.6117242991149839,-0.7910710346563586,13.0
2022-09-03,51699,-0.6351157698421852,-0.7724169592245942,13.0
2022-09-04,48042,-0.6579387259397466,-0.7530714660035813,13.0
2022-09-05,41690,-0.680172737770896,-0.733051871829848,13.0
2022-09-06,38500,-0.7017979028839948,-0.7123760969513414,13.0
2022-09-07,47958,-0.7227948638274202,-0.6910626489868347,13.0
2022-09-08,50618,-0.7431448254773705,-0.6691306063588845,13.0
2022-09-09,52106,-0.7628295718622673,-0.6465996012157987,12.0
2022-09-10,53486,-0.7818314824680535,-0.6234898018587038,12.0
2022-09-11,52829,-0.8001335480111829,-0.5998218946879449,12.0
2022-09-12,46488,-0.81771938566443,-0.5756170656856754,13.0
2022-09-13,44045,-0.8345732537213216,-0.5508969814520738,12.0
2022-09-14,51735,-0.8506800656873171,-0.5256837698105409,12.0
2022-09-15,56126,-0.8660254037844357,-0.5000000000000051,12.0
2022-09-16,59035,-0.8805955318567527,-0.4738686624729715,13.0
2022-09-17,58305,-0.8943774076663161,-0.44731314831567387,12.0
2022-09-18,56751,-0.9073586945678609,-0.42035722830957406,12.0
2022-09-19,49488,-0.9195277725514613,-0.3930250316538985,12.0
2022-09-20,46474,-0.9308737486441861,-0.3653410243664413,12.0
2022-09-21,53045,-0.9413864666608988,-0.3373299873828422,12.0
2022-09-22,53457,-0.9510565162951609,-0.30901699437492486,12.0
2022-09-23,53335,-0.9598752415428741,-0.2804273893060539,12.0
2022-09-24,51269,-0.9678347484506623,-0.2515867637445245,12.0
2022-09-25,46758,-0.9749279121818281,-0.22252093395629474,12.0
2022-09-26,40188,-0.9811483833941836,-0.19325591779549747,12.0
2022-09-27,36605,-0.9864905939235181,-0.16381791141515753,12.0
2022-09-28,40017,-0.990949761767937,-0.134233265817639,12.0
2022-09-29,38739,-0.994521895368279,-0.10452846326760044,12.0
2022-09-30,37286,-0.9972037971811784,-0.07473009358644785,12.0
2022-10-01,33186,-0.9989930665413153,-0.04486483035050188,12.0
2022-10-02,30085,-0.9998881018102741,-0.014959407015213857,12.0
2022-10-03,24158,-0.9998881018102738,0.014959407015236412,12.0
2022-10-04,21687,-0.9989930665413143,0.044864830350524416,12.0
2022-10-05,23757,-0.9972037971811767,0.07473009358647034,12.0
2022-10-06,23045,-0.9945218953682765,0.10452846326762287,12.0
2022-10-07,22268,-0.9909497617679339,0.13423326581766137,13.0
2022-10-08,20571,-0.9864905939235145,0.16381791141517976,13.0
2022-10-09,18819,-0.9811483833941793,0.1932559177955196,13.0
2022-10-10,15661,-0.9749279121818231,0.22252093395631672,14.0
2022-10-11,13970,-0.9678347484506566,0.2515867637445463,14.0
2022-10-12,15640,-0.9598752415428996,0.2804273893059664,14.0
2022-10-13,15477,-0.951056516295154,0.3090169943749463,14.0
2022-10-14,14736,-0.9413864666608912,0.33732998738286346,15.0
2022-10-15,13384,-0.9308737486442193,0.36534102436635646,15.0
2022-10-16,12354,-0.9195277725514525,0.3930250316539193,15.0
2022-10-17,10403,-0.9073586945678513,0.4203572283095945,16.0
2022-10-18,9474,-0.894377407666357,0.4473131483155924,16.0
2022-10-19,10656,-0.8805955318567419,0.47386866247299136,17.0
2022-10-20,10067,-0.8660254037844244,0.5000000000000246,17.0
2022-10-21,9761,-0.8506800656873651,0.5256837698104634,17.0
2022-10-22,9348,-0.8345732537213092,0.5508969814520926,17.0
2022-10-23,8672,-0.817719385664417,0.5756170656856939,18.0
2022-10-24,7329,-0.8001335480112376,0.599821894687872,19.0
2022-10-25,6578,-0.7818314824680394,0.6234898018587215,19.0
2022-10-26,7518,-0.7628295718622528,0.646599601215816,20.0
2022-10-27,7849,-0.7431448254773554,0.6691306063589013,20.0
2022-10-28,7606,-0.7227948638274047,0.691062648986851,20.0
2022-10-29,7107,-0.7017979028839787,0.7123760969513573,21.0
2022-10-30,6803,-0.6801727377708795,0.7330518718298634,21.0
2022-10-31,5781,-0.6579387259397296,0.7530714660035961,22.0
2022-11-01,5252,-0.6351157698421678,0.7724169592246085,23.0
2022-11-02,6385,-0.6117242991149661,0.7910710346563724,23.0
2022-11-03,6375,-0.5877852522924942,0.8090169943749321,23.0
2022-11-04,6149,-0.5633200580636132,0.8262387743160009,24.0
2022-11-05,5617,-0.5383506160906424,0.8427209586540646,24.0
2022-11-06,4566,-0.5128992774059316,0.8584487936018509,25.0
2022-11-07,4421,-0.4869888244043611,0.8734082006171332,25.0
2022-11-08,4320,-0.46064245045059343,0.8875857890045742,26.0
2022-11-09,5335,-0.433883739117588,0.9009688679024047,26.0
2022-11-10,5594,-0.406736643075797,0.9135454576426023,27.0
2022-11-11,5554,-0.37922546265289114,0.925304300474012,27.0
2022-11-12,5514,-0.3513748240813771,0.9362348706397243,28.0
2022-11-13,5364,-0.32320965745446,0.9463273837991641,28.0
2022-11-14,4578,-0.2947551744108692,0.9555728057861516,29.0
2022-11-15,4431,-0.2660368455667139,0.9639628606958426,30.0
2022-11-16,5380,-0.23708037771550097,0.9714900382928666,30.0
2022-11-17,5680,-0.20791169081772692,0.9781476007338126,30.0
2022-11-18,5546,-0.17855689479867978,0.9839295885986218,31.0
2022-11-19,5445,-0.1490422661761815,0.9888308262251275,31.0
2022-11-20,5217,-0.11939422454021498,0.9928469263418408,31.0
2022-11-21,4662,-0.08963930890348071,0.9959742939952347,32.0
2022-11-22,4460,-0.05980415394504484,0.9982101297677345,32.0
2022-11-23,5631,-0.029915466169372445,0.9995524322835041,33.0
2022-11-24,5784,-5.0955210534715306e-14,1.0,33.0
2022-11-25,5992,0.029915466169384217,0.9995524322835038,33.0
2022-11-26,6088,0.059804153945056594,0.9982101297677338,34.0
2022-11-27,5918,0.0896393089033792,0.995974293995244,34.0
2022-11-28,5048,0.11939422454022666,0.9928469263418395,35.0
2022-11-29,4928,0.14904226617619315,0.9888308262251257,35.0
2022-11-30,6088,0.17855689479869138,0.9839295885986197,35.0
2022-12-01,6785,0.20791169081773844,0.9781476007338101,35.0
2022-12-02,6721,0.23708037771551244,0.9714900382928638,36.0
2022-12-03,6669,0.2660368455667253,0.9639628606958395,36.0
2022-12-04,6598,0.2947551744108804,0.9555728057861481,36.0
2022-12-05,5667,0.32320965745447117,0.9463273837991604,37.0
2022-12-06,5561,0.3513748240813881,0.9362348706397202,37.0
2022-12-07,6935,0.3792254626529021,0.9253043004740075,36.0
2022-12-08,7430,0.40673664307580776,0.9135454576425975,36.0
2022-12-09,7465,0.43388373911759864,0.9009688679023996,36.0
2022-12-10,7397,0.46064245045060387,0.8875857890045689,36.0
2022-12-11,7096,0.48698882440437136,0.8734082006171274,36.0
2022-12-12,6376,0.5128992774059417,0.8584487936018449,37.0
2022-12-13,5977,0.5383506160906524,0.8427209586540583,36.0
2022-12-14,7532,0.563320058063623,0.8262387743159942,35.0
2022-12-15,7833,0.5877852522925038,0.8090169943749251,35.0
2022-12-16,8451,0.6117242991149754,0.7910710346563652,35.0
2022-12-17,7531,0.6351157698421769,0.7724169592246011,34.0
2022-12-18,7222,0.6579387259397385,0.7530714660035884,34.0
2022-12-19,6341,0.680172737770888,0.7330518718298553,34.0
2022-12-20,5994,0.7017979028839871,0.712376096951349,33.0
2022-12-21,7442,0.7227948638274128,0.6910626489868424,33.0
2022-12-22,7451,0.7431448254773633,0.6691306063588925,32.0
2022-12-23,7409,0.7628295718622603,0.646599601215807,31.0
2022-12-24,6986,0.7818314824680468,0.6234898018587123,31.0
2022-12-25,6595,0.8001335480111764,0.5998218946879535,30.0
2022-12-26,5335,0.8177193856644238,0.5756170656856843,31.0
2022-12-27,5197,0.8345732537213156,0.5508969814520828,30.0
2022-12-28,6202,0.8506800656873115,0.5256837698105501,30.0
2022-12-29,6146,0.8660254037844303,0.5000000000000144,29.0
2022-12-30,5810,0.8805955318567475,0.473868662472981,29.0
2022-12-31,5527,0.8943774076663622,0.44731314831558183,29.0
2023-01-01,5038,0.9073586945678563,0.42035722830958383,29.0
2023-01-02,3884,0.9195277725514571,0.39302503165390845,29.0
2023-01-03,3080,0.9308737486442237,0.36534102436634547,30.0
2023-01-04,3328,0.9413864666608952,0.33732998738285236,30.0
2023-01-05,3274,0.9510565162951575,0.30901699437493513,30.0
2023-01-06,3439,0.9598752415429029,0.2804273893059551,30.0
2023-01-07,3303,0.9678347484506596,0.2515867637445349,30.0
2023-01-08,3127,0.9749279121818257,0.22252093395630526,31.0
2023-01-09,2754,0.9811483833941815,0.19325591779550805,32.0
2023-01-10,3032,0.9864905939235163,0.16381791141516816,32.0
2023-01-11,4201,0.9909497617679356,0.1342332658176497,32.0
2023-01-12,4675,0.9945218953682777,0.10452846326761116,33.0
2023-01-13,5078,0.9972037971811776,0.07473009358645859,33.0
